pattern_kind,pattern,discovery_occurrences,discovery_documents_with,discovery_doc_prevalence,discovery_per_10k_sentences,validation_occurrences,validation_documents_with,validation_doc_prevalence,validation_per_10k_sentences,human_occurrences,human_documents_with,human_doc_prevalence,human_per_10k_sentences,hc3_ai_occurrences,hc3_ai_documents_with,hc3_ai_doc_prevalence,hc3_ai_per_10k_sentences,hc3_human_occurrences,hc3_human_documents_with,hc3_human_doc_prevalence,hc3_human_per_10k_sentences,lift_discovery_vs_human,lift_validation_vs_human,lift_hc3_ai_vs_hc3_human,elevated_in_discovery,replicated,verdict,candidate_set
ngram,ingredients 1,27,27,0.075,62.098,7,7,0.0194,12.7,0,0,0.0,0.0,0,0,0.0,0.0,0,0,0.0,0.0,64.4596,13.8681,0.9349,True,False,FAILED_VALIDATION,exploratory
ngram,making it,18,18,0.05,41.398,19,18,0.05,34.47,1,1,0.0028,1.962,4,3,0.0187,34.752,0,0,0.0,0.0,14.4546,12.019,8.4141,True,False,FAILED_VALIDATION,exploratory
ngram,instructions 1,19,19,0.0528,43.698,6,6,0.0167,10.885,0,0,0.0,0.0,0,0,0.0,0.0,0,0,0.0,0.0,45.7077,12.019,0.9349,True,False,FAILED_VALIDATION,exploratory
ngram,a significant,24,19,0.0528,55.198,40,29,0.0806,72.569,3,3,0.0083,5.887,4,4,0.025,34.752,3,3,0.0187,27.881,8.204,10.6983,1.202,True,False,FAILED_VALIDATION,exploratory
ngram,the potential,26,23,0.0639,59.798,26,18,0.05,47.17,2,2,0.0056,3.925,7,7,0.0437,60.817,2,2,0.0125,18.587,12.4231,9.8001,2.8047,True,False,FAILED_VALIDATION,exploratory
ngram,in various,22,21,0.0583,50.598,15,13,0.0361,27.213,1,1,0.0028,1.962,3,3,0.0187,26.064,0,0,0.0,0.0,17.5799,9.5536,6.5443,True,False,FAILED_VALIDATION,exploratory
ngram,minutes or until the,24,22,0.0611,55.198,21,19,0.0528,38.099,2,2,0.0056,3.925,0,0,0.0,0.0,0,0,0.0,0.0,11.4855,7.9511,0.9349,True,False,FAILED_VALIDATION,exploratory
ngram,known for,48,34,0.0944,110.396,45,32,0.0889,81.64,5,5,0.0139,9.812,18,15,0.0938,156.386,3,3,0.0187,27.881,10.3349,7.6485,4.9416,True,False,FAILED_VALIDATION,exploratory
ngram,insights into,18,18,0.05,41.398,10,10,0.0278,18.142,1,1,0.0028,1.962,0,0,0.0,0.0,0,0,0.0,0.0,14.4546,6.4718,0.9349,True,False,FAILED_VALIDATION,exploratory
ngram,or until the,27,25,0.0694,62.098,23,21,0.0583,41.727,3,3,0.0083,5.887,0,0,0.0,0.0,0,0,0.0,0.0,9.2085,6.2076,0.9349,True,False,FAILED_VALIDATION,exploratory
ngram,known for his,28,20,0.0556,64.397,22,15,0.0417,39.913,3,3,0.0083,5.887,10,9,0.0563,86.881,1,1,0.0063,9.294,9.5434,5.9435,6.5443,True,False,FAILED_VALIDATION,exploratory
ngram,the field,27,19,0.0528,62.098,20,16,0.0444,36.284,3,3,0.0083,5.887,10,9,0.0563,86.881,3,3,0.0187,27.881,9.2085,5.4152,2.8047,True,False,FAILED_VALIDATION,exploratory
ngram,including the,23,20,0.0556,52.898,48,36,0.1,87.083,8,8,0.0222,15.699,9,9,0.0563,78.193,3,3,0.0187,27.881,3.2402,5.2753,2.5376,True,True,REPLICATED,exploratory
ngram,range of,23,19,0.0528,52.898,26,21,0.0583,47.17,5,5,0.0139,9.812,24,19,0.1187,208.514,5,4,0.025,46.468,5.0076,4.4546,4.1645,True,False,FAILED_VALIDATION,exploratory
ngram,garlic minced,20,19,0.0528,45.998,21,21,0.0583,38.099,4,4,0.0111,7.849,0,0,0.0,0.0,0,0,0.0,0.0,5.3391,4.4173,0.9349,True,False,FAILED_VALIDATION,exploratory
ngram,continues to,28,27,0.075,64.397,16,15,0.0417,29.028,3,3,0.0083,5.887,0,0,0.0,0.0,0,0,0.0,0.0,9.5434,4.3586,0.9349,True,False,FAILED_VALIDATION,exploratory
ngram,a novel,26,25,0.0694,59.798,44,37,0.1028,79.826,9,8,0.0222,17.661,0,0,0.0,0.0,0,0,0.0,0.0,3.2692,4.3307,0.9349,True,True,REPLICATED,exploratory
ngram,continue to,20,19,0.0528,45.998,23,20,0.0556,41.727,5,5,0.0139,9.812,3,3,0.0187,26.064,1,1,0.0063,9.294,4.3683,3.9503,2.1814,True,False,FAILED_VALIDATION,exploratory
ngram,has also,25,20,0.0556,57.498,28,20,0.0556,50.798,7,7,0.0194,13.736,4,4,0.025,34.752,1,1,0.0063,9.294,3.9848,3.5133,2.8047,True,False,FAILED_VALIDATION,exploratory
ngram,in recent years,23,21,0.0583,52.898,12,11,0.0306,21.771,3,3,0.0083,5.887,0,0,0.0,0.0,0,0,0.0,0.0,7.8691,3.3019,0.9349,True,False,FAILED_VALIDATION,exploratory
ngram,a young,24,24,0.0667,55.198,37,36,0.1,67.126,12,12,0.0333,23.548,1,1,0.0063,8.688,0,0,0.0,0.0,2.2971,2.7736,2.8047,True,True,REPLICATED,exploratory
ngram,in terms,19,19,0.0528,43.698,19,18,0.05,34.47,6,6,0.0167,11.774,1,1,0.0063,8.688,2,1,0.0063,18.587,3.516,2.7736,0.5609,True,False,FAILED_VALIDATION,exploratory
ngram,in terms of,19,19,0.0528,43.698,19,18,0.05,34.47,6,6,0.0167,11.774,1,1,0.0063,8.688,2,1,0.0063,18.587,3.516,2.7736,0.5609,True,False,FAILED_VALIDATION,exploratory
ngram,role in,23,20,0.0556,52.898,24,20,0.0556,43.541,8,6,0.0167,15.699,4,4,0.025,34.752,3,3,0.0187,27.881,3.2402,2.6649,1.202,True,False,FAILED_VALIDATION,exploratory
ngram,approach to,21,21,0.0583,48.298,24,19,0.0528,43.541,8,7,0.0194,15.699,1,1,0.0063,8.688,1,1,0.0063,9.294,2.9645,2.6649,0.9349,True,False,FAILED_VALIDATION,exploratory
ngram,the world,53,43,0.1194,121.895,70,46,0.1278,126.996,24,20,0.0556,47.096,11,9,0.0563,95.569,6,5,0.0312,55.762,2.5593,2.6604,1.654,True,True,REPLICATED,exploratory
ngram,the proposed,42,24,0.0667,96.596,44,22,0.0611,79.826,15,13,0.0361,29.435,0,0,0.0,0.0,0,0,0.0,0.0,3.2135,2.6543,0.9349,True,False,FAILED_VALIDATION,exploratory
ngram,recent years,23,21,0.0583,52.898,12,11,0.0306,21.771,4,4,0.0111,7.849,0,0,0.0,0.0,0,0,0.0,0.0,6.1204,2.5682,0.9349,True,False,FAILED_VALIDATION,exploratory
ngram,and other,22,18,0.05,50.598,17,16,0.0444,30.842,6,5,0.0139,11.774,30,26,0.1625,260.643,8,8,0.05,74.349,4.0569,2.4892,3.3546,True,False,FAILED_VALIDATION,exploratory
ngram,in a large,32,28,0.0778,73.597,60,52,0.1444,108.853,22,20,0.0556,43.171,0,0,0.0,0.0,1,1,0.0063,9.294,1.6929,2.486,0.3116,True,True,REPLICATED,exploratory
ngram,terms of,20,20,0.0556,45.998,19,18,0.05,34.47,7,7,0.0194,13.736,8,6,0.0375,69.505,3,2,0.0125,27.881,3.2034,2.4038,2.2705,True,False,FAILED_VALIDATION,exploratory
ngram,this paper,42,35,0.0972,96.596,57,52,0.1444,103.411,22,22,0.0611,43.171,0,0,0.0,0.0,0,0,0.0,0.0,2.2138,2.3627,0.9349,True,True,REPLICATED,exploratory
ngram,about the,36,30,0.0833,82.797,50,40,0.1111,90.711,20,19,0.0528,39.246,12,11,0.0688,104.257,2,2,0.0125,18.587,2.0867,2.2775,4.6745,True,True,REPLICATED,exploratory
ngram,the way,24,23,0.0639,55.198,35,28,0.0778,63.498,14,13,0.0361,27.473,10,8,0.05,86.881,3,3,0.0187,27.881,1.9803,2.2635,2.8047,True,False,FAILED_VALIDATION,exploratory
ngram,such as,85,70,0.1944,195.492,95,70,0.1944,172.351,39,35,0.0972,76.531,128,76,0.475,1112.076,56,36,0.225,520.446,2.5368,2.2353,2.1263,True,True,REPLICATED,exploratory
ngram,pepper to taste,26,20,0.0556,59.798,27,20,0.0556,48.984,11,7,0.0194,21.586,0,0,0.0,0.0,0,0,0.0,0.0,2.7007,2.2109,0.9349,True,False,FAILED_VALIDATION,exploratory
ngram,pepper to,31,20,0.0556,71.297,29,22,0.0611,52.612,12,8,0.0222,23.548,0,0,0.0,0.0,0,0,0.0,0.0,2.9534,2.1819,0.9349,True,False,FAILED_VALIDATION,exploratory
ngram,remove the,30,24,0.0667,68.997,21,17,0.0472,38.099,9,8,0.0222,17.661,1,1,0.0063,8.688,1,1,0.0063,9.294,3.7627,2.0924,0.9349,True,False,FAILED_VALIDATION,exploratory
ngram,in recent,28,26,0.0722,64.397,14,13,0.0361,25.399,6,6,0.0167,11.774,0,0,0.0,0.0,0,0,0.0,0.0,5.1387,2.0624,0.9349,True,False,FAILED_VALIDATION,exploratory
ngram,minutes or until,35,29,0.0806,80.497,38,31,0.0861,68.94,17,11,0.0306,33.359,0,0,0.0,0.0,0,0,0.0,0.0,2.3775,2.034,0.9349,True,False,FAILED_VALIDATION,exploratory
ngram,in addition to,28,28,0.0778,64.397,11,11,0.0306,19.956,5,5,0.0139,9.812,4,4,0.025,34.752,4,4,0.025,37.175,6.0731,1.9331,0.9349,True,False,FAILED_VALIDATION,exploratory
ngram,experimental results,18,18,0.05,41.398,11,10,0.0278,19.956,5,5,0.0139,9.812,0,0,0.0,0.0,0,0,0.0,0.0,3.9422,1.9331,0.9349,True,False,FAILED_VALIDATION,exploratory
ngram,combine the,24,21,0.0583,55.198,19,17,0.0472,34.47,9,8,0.0222,17.661,0,0,0.0,0.0,0,0,0.0,0.0,3.0225,1.8977,0.9349,True,False,FAILED_VALIDATION,exploratory
ngram,state of,30,29,0.0806,68.997,36,32,0.0889,65.312,18,18,0.05,35.322,4,2,0.0125,34.752,2,1,0.0063,18.587,1.9322,1.8241,1.6828,True,False,FAILED_VALIDATION,exploratory
ngram,of the art,24,24,0.0667,55.198,30,27,0.075,54.427,15,15,0.0417,29.435,0,0,0.0,0.0,0,0,0.0,0.0,1.8525,1.8193,0.9349,True,False,FAILED_VALIDATION,exploratory
ngram,state of the art,24,24,0.0667,55.198,30,27,0.075,54.427,15,15,0.0417,29.435,0,0,0.0,0.0,0,0,0.0,0.0,1.8525,1.8193,0.9349,True,False,FAILED_VALIDATION,exploratory
ngram,addition to,32,31,0.0861,73.597,12,12,0.0333,21.771,6,6,0.0167,11.774,6,6,0.0375,52.129,4,4,0.025,37.175,5.86,1.778,1.3504,True,False,FAILED_VALIDATION,exploratory
ngram,state of the,26,25,0.0694,59.798,31,28,0.0778,56.241,16,16,0.0444,31.397,0,0,0.0,0.0,0,0,0.0,0.0,1.8823,1.765,0.9349,True,False,FAILED_VALIDATION,exploratory
ngram,a new,26,20,0.0556,59.798,46,40,0.1111,83.454,24,23,0.0639,47.096,9,4,0.025,78.193,3,3,0.0187,27.881,1.2677,1.7547,2.5376,False,True,REPLICATED,exploratory
ngram,ability to,28,24,0.0667,64.397,21,20,0.0556,38.099,11,9,0.025,21.586,7,5,0.0312,60.817,2,2,0.0125,18.587,2.9045,1.7285,2.8047,True,False,FAILED_VALIDATION,exploratory
ngram,to taste,34,25,0.0694,78.197,30,21,0.0583,54.427,16,11,0.0306,31.397,0,0,0.0,0.0,0,0,0.0,0.0,2.4505,1.709,0.9349,True,False,FAILED_VALIDATION,exploratory
ngram,until the,60,41,0.1139,137.994,65,42,0.1167,117.925,36,26,0.0722,70.644,4,4,0.025,34.752,1,1,0.0063,9.294,1.9426,1.6591,2.8047,True,True,REPLICATED,exploratory
ngram,all purpose,19,18,0.05,43.698,20,16,0.0444,36.284,11,10,0.0278,21.586,0,0,0.0,0.0,0,0,0.0,0.0,1.9873,1.6481,0.9349,True,False,FAILED_VALIDATION,exploratory
ngram,all purpose flour,19,18,0.05,43.698,20,16,0.0444,36.284,11,10,0.0278,21.586,0,0,0.0,0.0,0,0,0.0,0.0,1.9873,1.6481,0.9349,True,False,FAILED_VALIDATION,exploratory
ngram,purpose flour,19,18,0.05,43.698,20,16,0.0444,36.284,11,10,0.0278,21.586,0,0,0.0,0.0,0,0,0.0,0.0,1.9873,1.6481,0.9349,True,False,FAILED_VALIDATION,exploratory
ngram,or until,44,34,0.0944,101.196,43,34,0.0944,78.012,24,16,0.0444,47.096,0,0,0.0,0.0,0,0,0.0,0.0,2.1287,1.6415,0.9349,True,False,FAILED_VALIDATION,exploratory
ngram,minutes or,35,29,0.0806,80.497,39,31,0.0861,70.755,23,14,0.0389,45.133,0,0,0.0,0.0,0,0,0.0,0.0,1.7705,1.554,0.9349,True,False,FAILED_VALIDATION,exploratory
ngram,the art,27,27,0.075,62.098,30,27,0.075,54.427,18,18,0.05,35.322,0,0,0.0,0.0,0,0,0.0,0.0,1.7422,1.5242,0.9349,True,False,FAILED_VALIDATION,exploratory
ngram,over medium heat,21,21,0.0583,48.298,25,25,0.0694,45.356,15,11,0.0306,29.435,0,0,0.0,0.0,0,0,0.0,0.0,1.6257,1.521,0.9349,True,False,FAILED_VALIDATION,exploratory
ngram,1 cup,50,36,0.1,114.995,59,35,0.0972,107.039,36,23,0.0639,70.644,0,0,0.0,0.0,0,0,0.0,0.0,1.6215,1.5071,0.9349,True,False,FAILED_VALIDATION,exploratory
ngram,salt and,47,24,0.0667,108.096,63,34,0.0944,114.296,39,25,0.0694,76.531,0,0,0.0,0.0,0,0,0.0,0.0,1.4094,1.4863,0.9349,False,False,NOT_ELEVATED,exploratory
ngram,according to,25,22,0.0611,57.498,32,31,0.0861,58.055,20,16,0.0444,39.246,3,3,0.0187,26.064,4,4,0.025,37.175,1.4578,1.4657,0.7271,False,False,NOT_ELEVATED,exploratory
ngram,a large,43,37,0.1028,98.896,82,68,0.1889,148.766,53,41,0.1139,104.003,3,3,0.0187,26.064,2,2,0.0125,18.587,0.9529,1.4257,1.3089,False,False,NOT_ELEVATED,exploratory
ngram,1 2 cup,83,26,0.0722,190.892,68,30,0.0833,123.367,45,28,0.0778,88.305,0,0,0.0,0.0,0,0,0.0,0.0,2.1508,1.3919,0.9349,True,False,FAILED_VALIDATION,exploratory
ngram,2 cup,83,26,0.0722,190.892,68,30,0.0833,123.367,45,28,0.0778,88.305,0,0,0.0,0.0,0,0,0.0,0.0,2.1508,1.3919,0.9349,True,False,FAILED_VALIDATION,exploratory
ngram,add the,51,24,0.0667,117.295,87,37,0.1028,157.837,58,28,0.0778,113.815,1,1,0.0063,8.688,1,1,0.0063,9.294,1.0318,1.3829,0.9349,False,False,NOT_ELEVATED,exploratory
ngram,over medium,31,29,0.0806,71.297,37,34,0.0944,67.126,25,18,0.05,49.058,0,0,0.0,0.0,0,0,0.0,0.0,1.4478,1.3596,0.9349,False,False,NOT_ELEVATED,exploratory
ngram,is also,21,19,0.0528,48.298,23,20,0.0556,41.727,16,16,0.0444,31.397,25,24,0.15,217.202,15,14,0.0875,139.405,1.5271,1.3168,1.5381,True,False,FAILED_VALIDATION,exploratory
ngram,medium heat,21,21,0.0583,48.298,27,26,0.0722,48.984,19,15,0.0417,37.284,0,0,0.0,0.0,0,0,0.0,0.0,1.2922,1.3038,0.9349,False,False,NOT_ELEVATED,exploratory
ngram,1 4 cup,24,19,0.0528,55.198,52,25,0.0694,94.34,37,26,0.0722,72.606,0,0,0.0,0.0,0,0,0.0,0.0,0.7657,1.2944,0.9349,False,False,NOT_ELEVATED,exploratory
ngram,the story,38,32,0.0889,87.397,42,31,0.0861,76.197,30,25,0.0694,58.87,3,3,0.0187,26.064,0,0,0.0,0.0,1.4794,1.2883,6.5443,False,False,NOT_ELEVATED,exploratory
ngram,part of,20,18,0.05,45.998,37,30,0.0833,67.126,27,24,0.0667,52.983,12,9,0.0563,104.257,14,14,0.0875,130.112,0.8737,1.2607,0.8059,False,False,NOT_ELEVATED,exploratory
ngram,based on,29,27,0.075,66.697,37,26,0.0722,67.126,27,23,0.0639,52.983,32,26,0.1625,278.019,12,11,0.0688,111.524,1.2572,1.2607,2.4307,False,False,NOT_ELEVATED,exploratory
ngram,pour the,19,18,0.05,43.698,15,14,0.0389,27.213,11,10,0.0278,21.586,0,0,0.0,0.0,0,0,0.0,0.0,1.9873,1.2461,0.9349,True,False,FAILED_VALIDATION,exploratory
ngram,over the,46,35,0.0972,105.796,58,49,0.1361,105.225,43,30,0.0833,84.38,16,14,0.0875,139.01,6,6,0.0375,55.762,1.2528,1.2433,2.3732,False,False,NOT_ELEVATED,exploratory
ngram,along the,20,19,0.0528,45.998,12,12,0.0333,21.771,9,7,0.0194,17.661,5,3,0.0187,43.44,0,0,0.0,0.0,2.529,1.2165,10.2839,True,False,FAILED_VALIDATION,exploratory
ngram,can be,35,27,0.075,80.497,55,39,0.1083,99.782,43,34,0.0944,84.38,101,62,0.3875,877.498,28,21,0.1313,260.223,0.9565,1.1796,3.3295,False,False,NOT_ELEVATED,exploratory
ngram,and let,26,21,0.0583,59.798,26,23,0.0639,47.17,21,19,0.0528,41.209,0,0,0.0,0.0,0,0,0.0,0.0,1.4446,1.1396,0.9349,False,False,NOT_ELEVATED,exploratory
ngram,oven to,31,31,0.0861,71.297,32,31,0.0861,58.055,26,24,0.0667,51.02,0,0,0.0,0.0,0,0,0.0,0.0,1.3931,1.1339,0.9349,False,False,NOT_ELEVATED,exploratory
ngram,5 minutes,25,21,0.0583,57.498,30,22,0.0611,54.427,25,18,0.05,49.058,0,0,0.0,0.0,0,0,0.0,0.0,1.172,1.1058,0.9349,False,False,NOT_ELEVATED,exploratory
ngram,4 cup,33,26,0.0722,75.897,58,27,0.075,105.225,50,28,0.0778,98.116,0,0,0.0,0.0,0,0,0.0,0.0,0.7775,1.071,0.9349,False,False,NOT_ELEVATED,exploratory
ngram,through the,23,20,0.0556,52.898,29,26,0.0722,52.612,27,21,0.0583,52.983,8,7,0.0437,69.505,2,2,0.0125,18.587,1.0015,0.9918,3.1786,False,False,NOT_ELEVATED,exploratory
ngram,used to,24,18,0.05,55.198,21,15,0.0417,38.099,20,20,0.0556,39.246,55,37,0.2313,477.845,14,11,0.0688,130.112,1.4007,0.9696,3.5784,False,False,NOT_ELEVATED,exploratory
ngram,1 teaspoon,47,27,0.075,108.096,49,30,0.0833,88.897,49,24,0.0667,96.154,0,0,0.0,0.0,0,0,0.0,0.0,1.1246,0.9245,0.9349,False,False,NOT_ELEVATED,exploratory
ngram,due to,25,23,0.0639,57.498,30,27,0.075,54.427,30,28,0.0778,58.87,21,16,0.1,182.45,22,18,0.1125,204.461,0.9799,0.9245,0.8933,False,False,NOT_ELEVATED,exploratory
ngram,the most,18,18,0.05,41.398,20,19,0.0528,36.284,20,20,0.0556,39.246,12,12,0.075,104.257,9,8,0.05,83.643,1.0577,0.9245,1.2301,False,False,NOT_ELEVATED,exploratory
ngram,in addition,29,29,0.0806,66.697,15,14,0.0389,27.213,15,13,0.0361,29.435,6,6,0.0375,52.129,5,5,0.0312,46.468,2.2306,0.9245,1.1049,True,False,FAILED_VALIDATION,exploratory
ngram,there are,32,24,0.0667,73.597,21,19,0.0528,38.099,23,21,0.0583,45.133,44,37,0.2313,382.276,10,8,0.05,92.937,1.6208,0.8459,3.9622,True,False,FAILED_VALIDATION,exploratory
ngram,the oven,33,21,0.0583,75.897,24,16,0.0444,43.541,29,19,0.0528,56.907,0,0,0.0,0.0,0,0,0.0,0.0,1.3309,0.7678,0.9349,False,False,NOT_ELEVATED,exploratory
ngram,using a,22,20,0.0556,50.598,17,14,0.0389,30.842,21,17,0.0472,41.209,9,6,0.0375,78.193,5,4,0.025,46.468,1.2265,0.7525,1.6148,False,False,NOT_ELEVATED,exploratory
ngram,one of the,39,34,0.0944,89.696,29,25,0.0694,52.612,36,35,0.0972,70.644,14,13,0.0813,121.633,11,8,0.05,102.23,1.2683,0.7472,1.1788,False,False,NOT_ELEVATED,exploratory
ngram,to take,20,18,0.05,45.998,31,26,0.0722,56.241,39,32,0.0889,76.531,7,5,0.0312,60.817,6,6,0.0375,55.762,0.6082,0.7373,1.0787,False,False,NOT_ELEVATED,exploratory
ngram,the end,19,19,0.0528,43.698,27,24,0.0667,48.984,34,27,0.075,66.719,6,2,0.0125,52.129,5,5,0.0312,46.468,0.6624,0.737,1.1049,False,False,NOT_ELEVATED,exploratory
ngram,as well as,23,20,0.0556,52.898,23,20,0.0556,41.727,29,26,0.0722,56.907,17,13,0.0813,147.698,9,8,0.05,83.643,0.9336,0.7365,1.7222,False,False,NOT_ELEVATED,exploratory
ngram,well as,23,20,0.0556,52.898,23,20,0.0556,41.727,29,26,0.0722,56.907,17,13,0.0813,147.698,9,8,0.05,83.643,0.9336,0.7365,1.7222,False,False,NOT_ELEVATED,exploratory
ngram,1 tablespoon,33,18,0.05,75.897,37,26,0.0722,67.126,47,30,0.0833,92.229,0,0,0.0,0.0,0,0,0.0,0.0,0.8266,0.7299,0.9349,False,False,NOT_ELEVATED,exploratory
ngram,to make,60,43,0.1194,137.994,40,38,0.1056,72.569,52,41,0.1139,102.041,9,7,0.0437,78.193,8,6,0.0375,74.349,1.3506,0.7132,1.0449,False,False,NOT_ELEVATED,exploratory
ngram,known as,24,21,0.0583,55.198,16,16,0.0444,29.028,21,20,0.0556,41.209,19,18,0.1125,165.074,10,9,0.0563,92.937,1.3355,0.7095,1.7362,False,False,NOT_ELEVATED,exploratory
ngram,the top,28,23,0.0639,64.397,18,17,0.0472,32.656,27,19,0.0528,52.983,1,1,0.0063,8.688,4,2,0.0125,37.175,1.2146,0.622,0.3116,False,False,NOT_ELEVATED,exploratory
ngram,able to,19,18,0.05,43.698,23,19,0.0528,41.727,35,26,0.0722,68.681,34,29,0.1812,295.395,6,5,0.0312,55.762,0.6438,0.612,4.9621,False,False,NOT_ELEVATED,exploratory
ngram,as well,29,26,0.0722,66.697,27,22,0.0611,48.984,42,35,0.0972,82.418,19,15,0.0938,165.074,14,11,0.0688,130.112,0.8135,0.5982,1.2573,False,False,NOT_ELEVATED,exploratory
ngram,2 cups,37,28,0.0778,85.097,26,23,0.0639,47.17,41,25,0.0694,80.455,0,0,0.0,0.0,0,0,0.0,0.0,1.059,0.5904,0.9349,False,False,NOT_ELEVATED,exploratory
ngram,a few,22,21,0.0583,50.598,24,24,0.0667,43.541,38,30,0.0833,74.568,15,14,0.0875,130.321,5,5,0.0312,46.468,0.6849,0.5883,2.6347,False,False,NOT_ELEVATED,exploratory
ngram,one of,56,49,0.1361,128.795,36,32,0.0889,65.312,61,52,0.1444,119.702,15,14,0.0875,130.321,13,10,0.0625,120.818,1.0767,0.5487,1.0734,False,False,NOT_ELEVATED,exploratory
ngram,during the,30,27,0.075,68.997,14,13,0.0361,25.399,24,16,0.0444,47.096,3,3,0.0187,26.064,5,5,0.0312,46.468,1.459,0.5472,0.5949,False,False,NOT_ELEVATED,exploratory
ngram,a small,22,20,0.0556,50.598,23,22,0.0611,41.727,42,31,0.0861,82.418,2,2,0.0125,17.376,1,1,0.0063,9.294,0.6205,0.5112,1.5582,False,False,NOT_ELEVATED,exploratory
ngram,back to,21,18,0.05,48.298,13,9,0.025,23.585,33,24,0.0667,64.757,6,6,0.0375,52.129,1,1,0.0063,9.294,0.7522,0.3726,4.0512,False,False,NOT_ELEVATED,exploratory
reframe_isnt_its,isn't <X> it's <Y>,1,1,0.0028,2.3,3,3,0.0083,5.443,0,0,0.0,0.0,1,1,0.0063,8.688,0,0,0.0,0.0,3.516,6.4718,2.8047,True,False,FAILED_VALIDATION,structural_exhaustive
not_only_but_also,not only <X> but also <Y>,7,7,0.0194,16.099,11,11,0.0306,19.956,4,4,0.0111,7.849,1,1,0.0063,8.688,0,0,0.0,0.0,1.9533,2.3627,2.8047,True,False,FAILED_VALIDATION,structural_exhaustive
contrast_not_but,not <X> but <Y>,22,20,0.0556,50.598,49,42,0.1167,88.897,35,29,0.0806,68.681,4,4,0.025,34.752,8,7,0.0437,74.349,0.7428,1.2892,0.4949,False,False,NOT_ELEVATED,structural_exhaustive
